name,email,phone,created_id,update_id
"Nguyễn Văn A",VanA@123gmail.com.vn,01233456789,1,2
"Nguyễn Văn A",VanA@123gmail.com.vn,01233456789,1,2
"Nguyễn Văn B",VanA@123gmail.com.vn,01233456789,1,2
"Nguyễn Văn C",VanA@123gmail.com.vn,01233456789,1,2
"Nguyễn Văn D",VanA@123gmail.com.vn,01233456789,1,2
"Nguyễn Văn E",VanA@123gmail.com.vn,01233456789,1,2
"Nguyễn Văn F",VanA@123gmail.com.vn,01233456789,1,2
"Nguyễn Văn G",VanA@123gmail.com.vn,01233456789,1,2
"Nguyễn Văn H",VanA@123gmail.com.vn,01233456789,1,2
"Nguyễn Văn I",VanA@123gmail.com.vn,01233456789,1,2
"Nguyễn Văn K",VanA@123gmail.com.vn,01233456789,1,2
